Blarb,Door,Bund,Lond,Fifer,Weird,Larp,Fint,Fortry,Torp,Laugh
Birar,Door,Bonde,Londe,Feer,,Lorpe,Finte,Forteen,Trope,Lofe
Blarip,Door,Buend,Laind,Filfer,Wighed,Larp,Finit,Fortry,Tirp,Lifgh
Bolck,Door,Berdin,Lont,Fintfrin,Victin,Loone,Fint,Foretre,Torting,Lofe
Bolk,,Banke,Loet,Fpers,Weet,Lret,Fint,Foryer,T,Lafe
Babe,Door,Bit,Lont,Fkin,Weitd,Layp,Fint,Fortry,Tarp,Lafe
Plrop,Door,Pend,Lant,Feefree,Weird,Layp,Finit,Fordree,Tapeit,Lafe
Bolrp,Dor,Binit,Lonud,Fofpone,Wordit,Lorp,Finit,Foplio,Top,Lofe
Blarp,Dor,Bunid,Lound,Feefpur,,Lorp,Finit,Fortree,Torp,Lofe
Bl,D,Batein,L,,Voithe,Lo,Fel,,Thi,Li
Blowup,Door,Bunit,Lont,Fefar,Weight,Lorp,Fiit,Fortry,Troip,Leff
Bler,Door,Pond,Lant,Fipfer,Weirder,Larf,Pind,Fortry,Torp,Laph
Blmere,Door,Bitw,Lanest,Fifay,Wrigh,Hers,Fint,Feles,Fesibe,Msew
Bolong,Door,Tunts,Lenthe,Hiphe,United,Thelo,Sloite,Fifio,Bunts,
Plarp,Door,Bund,Lont,Fifpor,Vired,Lorep,Find,Fortri,Torip,Leff
Blarck,Door,Bundi,Loadn,Hipper,Wired,Lorte,Fight,Fordry,Drope,Lof
Blarip,Dar,Burid,,Fifper,Winder,Lamp,Fight,Forthe,Tirp,Filp
Blap,Door,Bunt,Lanth,Foiper,Waith,Farp,Fint,Fartrain,Tapaip,Faif
Blear,Door,Pende,Lond,,Fende,,Find,,Teare,Lafe
Pran,Dor,B,Lant,Fiffer,Wiale,Lape,Pin,Forire,Tapeit,Tafe
Prab,Dor,Bonde,Lant,Figger,Winde,Lape,Find,Fortere,Tap,Lafe
Polaf,Dull,E,Lont,Fite,Nink,Lopdi,,Find,Tepel,Lafe
Blarb,Door,Bunit,Lanit,Feifper,,Larp,Finit,Fortri,Toirp,Luaf
Blarp,Door,Bund,Lond,Fiffer,Verin,Larp,Fint,Fartry,Tarp,Lough
Blarb,Dore,Bund,Lont,Fiber,Weired,Larp,Bint,Foretrit,Trop,Lafe